Round2;income;profit;prof/cli;capacity
Shop1;9327.749999999996;5596.649999999998;223.8659999999999;10
Shop2;501.98;451.78200000000004;225.89100000000002;30
Shop3;1080.0;864.0;96.0;20